{
  "meta": {
    "title": "Parsed_from_image_7.1_2D",
    "source_image": "/mnt/data/7.1 2Д.png",
    "units": "meters",
    "notes": "Auto-extracted; manual verification recommended."
  },
  "image_size_px": {
    "width_px": 463,
    "height_px": 665
  },
  "detected_numbers": [
    {
      "text": "5.32",
      "bbox": [
        367,
        49,
        27,
        14
      ],
      "center": [
        380.5,
        56.0
      ]
    },
    {
      "text": "1410",
      "bbox": [
        282,
        78,
        19,
        7
      ],
      "center": [
        291.5,
        81.5
      ]
    },
    {
      "text": "700.640",
      "bbox": [
        347,
        78,
        59,
        7
      ],
      "center": [
        376.5,
        81.5
      ]
    },
    {
      "text": "130",
      "bbox": [
        287,
        139,
        18,
        8
      ],
      "center": [
        296.0,
        143.0
      ]
    },
    {
      "text": "700",
      "bbox": [
        347,
        139,
        15,
        7
      ],
      "center": [
        354.5,
        142.5
      ]
    },
    {
      "text": "00",
      "bbox": [
        332,
        161,
        18,
        7
      ],
      "center": [
        341.0,
        164.5
      ]
    },
    {
      "text": "1000",
      "bbox": [
        284,
        372,
        19,
        28
      ],
      "center": [
        293.5,
        386.0
      ]
    },
    {
      "text": "2300",
      "bbox": [
        274,
        386,
        107,
        10
      ],
      "center": [
        327.5,
        391.0
      ]
    },
    {
      "text": "188",
      "bbox": [
        108,
        477,
        27,
        14
      ],
      "center": [
        121.5,
        484.0
      ]
    },
    {
      "text": "7",
      "bbox": [
        130,
        518,
        14,
        9
      ],
      "center": [
        137.0,
        522.5
      ]
    },
    {
      "text": "3",
      "bbox": [
        256,
        569,
        6,
        10
      ],
      "center": [
        259.0,
        574.0
      ]
    },
    {
      "text": "100",
      "bbox": [
        344,
        581,
        18,
        7
      ],
      "center": [
        353.0,
        584.5
      ]
    },
    {
      "text": "40",
      "bbox": [
        235,
        599,
        15,
        12
      ],
      "center": [
        242.5,
        605.0
      ]
    },
    {
      "text": "22.58",
      "bbox": [
        357,
        599,
        37,
        14
      ],
      "center": [
        375.5,
        606.0
      ]
    }
  ],
  "scale_reference": {
    "value_mm": 2300.0,
    "px_width": 107,
    "px_to_mm": 21.49532710280374
  },
  "bounds_mm": {
    "width_mm": 9952.336448598131,
    "height_mm": 14294.392523364486
  },
  "bounds_m": {
    "width_m": 9.952,
    "height_m": 14.294
  },
  "walls": [
    {
      "id": "w1",
      "polyline": [
        [
          0,
          0
        ],
        [
          9.952,
          0
        ]
      ],
      "thickness_m": 0.2,
      "height_m": 2.53
    },
    {
      "id": "w2",
      "polyline": [
        [
          9.952,
          0
        ],
        [
          9.952,
          14.294
        ]
      ],
      "thickness_m": 0.2,
      "height_m": 2.53
    },
    {
      "id": "w3",
      "polyline": [
        [
          9.952,
          14.294
        ],
        [
          0,
          14.294
        ]
      ],
      "thickness_m": 0.2,
      "height_m": 2.53
    },
    {
      "id": "w4",
      "polyline": [
        [
          0,
          14.294
        ],
        [
          0,
          0
        ]
      ],
      "thickness_m": 0.2,
      "height_m": 2.53
    }
  ],
  "scale_info": {
    "px_to_mm": 21.49532710280374,
    "scale_value_mm": 2300.0
  },
  "openings_scaled": []
}